Date,StockSymbol,TransactionType,Shares,PricePerShare,TransactionValue
1/1/2021,MSFT,Buy,128,94.33,12074.24
1/1/2021,PG,Buy,496,70.48,34958.08
1/1/2021,V,Buy,97,119.83,11623.51
1/1/2021,AMZN,Sell,360,271.48,97732.8
1/4/2021,PYPL,Sell,438,125.86,55126.68
1/5/2021,NVDA,Buy,207,617.39,127799.73
1/11/2021,DIS,Buy,84,947.76,79611.84
1/11/2021,NVDA,Buy,298,836.29,249214.42
1/12/2021,DIS,Sell,233,482.4,112399.2
1/13/2021,DIS,Buy,45,502.86,22628.7
1/13/2021,TSLA,Buy,414,625.77,259068.78
1/14/2021,JPM,Buy,411,406.13,166919.43
1/14/2021,V,Buy,5,643.71,3218.55
1/14/2021,DIS,Buy,330,610.07,201323.1
1/15/2021,WMT,Sell,254,426.46,108320.84
1/18/2021,PG,Buy,277,441.92,122411.84
1/19/2021,PYPL,Buy,315,642.81,202485.15
1/19/2021,MSFT,Sell,40,295.82,11832.8
1/19/2021,PYPL,Buy,19,630.83,11985.77
1/20/2021,TSLA,Buy,330,301,99330
1/21/2021,ADBE,Buy,112,292.31,32738.72
1/21/2021,NVDA,Buy,317,223.56,70868.52
1/21/2021,MSFT,Buy,37,259.77,9611.49
1/22/2021,TSLA,Buy,137,768.01,105217.37
1/22/2021,NFLX,Buy,192,830.37,159431.04
1/25/2021,WMT,Sell,380,508.91,193385.8
1/26/2021,FB,Buy,139,848.82,117985.98
1/26/2021,FB,Buy,373,311.02,116010.46
1/26/2021,ADBE,Sell,321,625.09,200653.89
1/29/2021,JPM,Buy,470,727.73,342033.1
1/29/2021,KO,Cash Out,473,563.37,242070.4017
1/29/2021,WMT,Buy,222,275.24,61103.28
1/29/2021,NKE,Buy,54,73.19,3952.26
2/1/2021,PEP,Buy,37,128.63,4759.31
2/1/2021,TSLA,Buy,212,378.77,80299.24
2/3/2021,FB,Buy,230,760.57,174931.1
2/3/2021,DIS,Buy,239,229.37,54819.43
2/3/2021,KO,Buy,335,457.88,153389.8
2/8/2021,GOOGL,Buy,207,733.65,151865.55
2/8/2021,AAPL,Buy,396,816.38,323286.48
2/10/2021,BA,Sell,469,872.41,409160.29
2/12/2021,NVDA,Sell,78,495.63,38659.14
2/16/2021,WMT,Sell,366,434,158844
2/16/2021,NFLX,Buy,59,602.07,35522.13
2/17/2021,GOOGL,Buy,117,383.32,44848.44
2/19/2021,KO,Buy,308,667.71,205654.68
2/19/2021,WMT,Buy,245,368.35,90245.75
2/19/2021,DIS,Buy,30,701.08,21032.4
2/19/2021,DIS,Sell,424,464.2,196820.8
2/23/2021,MSFT,Buy,219,569.1,124632.9
2/23/2021,V,Sell,103,132.45,13642.35
2/23/2021,BA,Sell,49,885.18,43373.82
2/25/2021,PG,Sell,166,372.38,61815.08
2/25/2021,JPM,Buy,45,547.8,24651
2/25/2021,TSLA,Sell,136,326.18,44360.48
2/26/2021,DIS,Buy,326,294.37,95964.62
3/2/2021,PYPL,Buy,205,481.3,98666.5
3/3/2021,PEP,Buy,455,999.29,454676.95
3/4/2021,GOOGL,Buy,269,673.45,181158.05
3/5/2021,PEP,Buy,494,734.7,362941.8
3/5/2021,V,Cash Out,292,212.43,56348.91187
3/5/2021,KO,Sell,310,291.34,90315.4
3/5/2021,TSLA,Buy,33,136.85,4516.05
3/8/2021,GOOGL,Sell,204,946.65,193116.6
3/8/2021,PG,Buy,9,418.29,3764.61
3/8/2021,WMT,Buy,445,829.63,369185.35
3/8/2021,WMT,Buy,271,877.54,237813.34
3/9/2021,BA,Buy,200,746.26,149252
3/11/2021,GOOGL,Sell,348,834.13,290277.24
3/15/2021,ADBE,Buy,365,945.3,345034.5
3/15/2021,BA,Sell,159,850.77,135272.43
3/17/2021,BA,Buy,232,544.67,126363.44
3/17/2021,V,Sell,39,268.45,10469.55
3/17/2021,GOOGL,Sell,233,845.1,196908.3
3/18/2021,NVDA,Sell,97,493.39,47858.83
3/22/2021,BA,Buy,211,564.25,119056.75
3/22/2021,PEP,Sell,159,92.82,14758.38
3/23/2021,PEP,Buy,156,835.83,130389.48
3/24/2021,KO,Sell,37,947.14,35044.18
3/24/2021,KO,Buy,43,695,29885
3/25/2021,NFLX,Cash Out,455,526.28,217527.9646
3/29/2021,AMZN,Sell,296,920.5,272468
3/29/2021,AAPL,Sell,458,480.83,220220.14
3/30/2021,PG,Sell,87,990.43,86167.41
4/1/2021,GOOGL,Cash Out,309,523.45,146933.3962
4/1/2021,ADBE,Sell,483,941.5,454744.5
4/1/2021,KO,Buy,67,776.36,52016.12
4/2/2021,JPM,Buy,463,148.1,68570.3
4/5/2021,PEP,Buy,229,845.36,193587.44
4/6/2021,AMZN,Buy,419,836.52,350501.88
4/6/2021,ADBE,Sell,155,942.09,146023.95
4/7/2021,NFLX,Buy,82,232.83,19092.06
4/8/2021,AAPL,Sell,294,358.23,105319.62
4/9/2021,MSFT,Buy,397,908.14,360531.58
4/9/2021,MSFT,Buy,498,900.59,448493.82
4/12/2021,ADBE,Sell,184,418.51,77005.84
4/13/2021,V,Buy,426,225.82,96199.32
4/14/2021,PYPL,Sell,94,877.36,82471.84
4/14/2021,NKE,Sell,110,608.65,66951.5
4/15/2021,PG,Cash Out,477,822.11,356233.8163
4/16/2021,PYPL,Buy,406,943.21,382943.26
4/16/2021,NKE,Buy,204,534.47,109031.88
4/19/2021,CRM,Cash Out,90,824.24,67388.07177
4/19/2021,NFLX,Sell,385,200.38,77146.3
4/21/2021,NFLX,Buy,363,300.16,108958.08
4/21/2021,KO,Buy,336,288.16,96821.76
4/21/2021,DIS,Buy,231,337.1,77870.1
4/22/2021,JPM,Buy,233,134.83,31415.39
4/22/2021,AMZN,Sell,400,929.68,371872
4/23/2021,WMT,Sell,307,863.15,264987.05
4/23/2021,AAPL,Sell,339,336.67,114131.13
4/26/2021,MSFT,Buy,416,735.62,306017.92
4/27/2021,AMZN,Cash Out,336,578.81,176669.7265
4/27/2021,MSFT,Buy,359,394.47,141614.73
4/28/2021,MSFT,Cash Out,351,492.1,156908.805
4/28/2021,V,Buy,339,210.92,71501.88
4/28/2021,CRM,Buy,220,231.49,50927.8
4/28/2021,DIS,Buy,20,689.99,13799.8
4/29/2021,PEP,Sell,119,454.12,54040.28
4/29/2021,FB,Cash Out,96,952.33,83051.12736
4/30/2021,PG,Buy,52,130.15,6767.8
5/3/2021,BA,Sell,303,396.68,120194.04
5/6/2021,NVDA,Buy,208,825.85,171776.8
5/7/2021,PG,Buy,153,938.43,143579.79
5/10/2021,DIS,Cash Out,148,766.96,103114.8616
5/11/2021,PG,Buy,472,575.14,271466.08
5/11/2021,AAPL,Buy,268,73.57,19716.76
5/12/2021,NVDA,Buy,288,625.32,180092.16
5/13/2021,NVDA,Buy,293,302.7,88691.1
5/13/2021,NKE,Buy,106,381.4,40428.4
5/17/2021,PG,Sell,492,969.08,476787.36
5/19/2021,FB,Sell,114,154.64,17628.96
5/24/2021,AMZN,Buy,278,515.22,143231.16
5/24/2021,BA,Sell,251,407.55,102295.05
5/25/2021,DIS,Cash Out,431,918.33,359552.966
5/25/2021,ADBE,Buy,51,880.86,44923.86
5/26/2021,FB,Sell,89,743.25,66149.25
5/27/2021,CRM,Sell,341,307.35,104806.35
5/28/2021,WMT,Buy,233,174.67,40698.11
5/31/2021,AAPL,Buy,393,574.42,225747.06
6/7/2021,ADBE,Buy,137,194.77,26683.49
6/8/2021,PEP,Buy,249,290.34,72294.66
6/10/2021,GOOGL,Buy,92,888.02,81697.84
6/11/2021,DIS,Buy,174,211.32,36769.68
6/14/2021,V,Cash Out,438,422.55,168127.6141
6/14/2021,JPM,Buy,102,455.3,46440.6
6/18/2021,NFLX,Cash Out,489,422.48,187673.0219
6/21/2021,ADBE,Buy,297,631.39,187522.83
6/23/2021,NVDA,Buy,109,292.31,31861.79
6/24/2021,NFLX,Buy,489,673.61,329395.29
6/25/2021,NVDA,Buy,115,821.18,94435.7
6/28/2021,BA,Sell,302,423.06,127764.12
6/28/2021,ADBE,Buy,470,893.25,419827.5
6/28/2021,TSLA,Sell,9,529.46,4765.14
6/29/2021,V,Sell,156,879.94,137270.64
7/2/2021,GOOGL,Buy,111,253.18,28102.98
7/2/2021,ADBE,Buy,366,605.59,221645.94
7/5/2021,WMT,Sell,115,628.36,72261.4
7/5/2021,JPM,Buy,162,775.05,125558.1
7/7/2021,PEP,Buy,93,804.49,74817.57
7/8/2021,FB,Buy,225,430.84,96939
7/9/2021,FB,Buy,90,660.95,59485.5
7/9/2021,PG,Cash Out,166,161.19,24307.09267
7/12/2021,AMZN,Sell,402,485.06,194994.12
7/13/2021,MSFT,Cash Out,271,837.32,206133.031
7/13/2021,ADBE,Buy,146,980.39,143136.94
7/14/2021,BA,Buy,34,277.63,9439.42
7/15/2021,AAPL,Sell,54,904.68,48852.72
7/16/2021,MSFT,Sell,408,381.25,155550
7/16/2021,CRM,Cash Out,271,166.06,40880.9668
7/16/2021,FB,Sell,432,880.25,380268
7/16/2021,FB,Sell,450,438.18,197181
7/19/2021,WMT,Sell,133,132.86,17670.38
7/20/2021,NFLX,Sell,310,442.72,137243.2
7/20/2021,PEP,Cash Out,189,920.5,158041.9685
7/21/2021,WMT,Buy,185,796.24,147304.4
7/21/2021,JPM,Sell,31,576.81,17881.11
7/21/2021,TSLA,Buy,388,919.64,356820.32
7/21/2021,FB,Buy,206,466.71,96142.26
7/22/2021,ADBE,Buy,391,458.54,179289.14
7/23/2021,V,Sell,458,674.1,308737.8
7/23/2021,AAPL,Buy,77,481.73,37093.21
7/23/2021,PEP,Sell,479,837.26,401047.54
7/23/2021,WMT,Buy,202,350.57,70815.14
7/26/2021,NVDA,Buy,79,633.1,50014.9
7/28/2021,KO,Buy,362,867.05,313872.1
7/28/2021,PG,Sell,199,943.76,187808.24
7/29/2021,GOOGL,Sell,38,923.96,35110.48
7/29/2021,V,Buy,11,580.36,6383.96
7/30/2021,BA,Buy,347,476,165172
8/2/2021,MSFT,Sell,70,357.57,25029.9
8/2/2021,JPM,Sell,4,337.25,1349
8/5/2021,JPM,Buy,345,462.18,159452.1
8/6/2021,V,Sell,306,639.12,195570.72
8/10/2021,NKE,Buy,225,922.28,207513
8/10/2021,ADBE,Cash Out,446,946.9,383641.7017
8/10/2021,JPM,Buy,37,460.04,17021.48
8/13/2021,JPM,Sell,263,596.1,156774.3
8/13/2021,KO,Buy,312,648.69,202391.28
8/16/2021,JPM,Cash Out,87,347.37,27453.54267
8/17/2021,AMZN,Sell,358,410.18,146844.44
8/19/2021,TSLA,Sell,413,852.14,351933.82
8/19/2021,ADBE,Buy,227,824.09,187068.43
8/19/2021,V,Sell,455,584.48,265938.4
8/19/2021,AMZN,Buy,38,271.06,10300.28
8/19/2021,NKE,Sell,234,123.49,28896.66
8/19/2021,JPM,Sell,76,227.92,17321.92
8/20/2021,ADBE,Sell,227,490.38,111316.26
8/23/2021,PYPL,Sell,362,933.94,338086.28
8/24/2021,PYPL,Buy,340,724.1,246194
8/24/2021,ADBE,Buy,3,811.9,2435.7
8/24/2021,WMT,Sell,480,810.28,388934.4
8/26/2021,PEP,Buy,99,156.72,15515.28
8/27/2021,NFLX,Sell,399,140.41,56023.59
8/30/2021,BA,Buy,418,752.08,314369.44
8/30/2021,BA,Cash Out,99,92.95,8359.329077
8/31/2021,ADBE,Buy,376,678.95,255285.2
8/31/2021,V,Buy,305,178.02,54296.1
9/3/2021,WMT,Buy,209,838.15,175173.35
9/3/2021,MSFT,Sell,473,672.58,318130.34
9/3/2021,NKE,Buy,434,398.93,173135.62
9/8/2021,CRM,Cash Out,87,652.3,51552.94321
9/9/2021,MSFT,Buy,204,361.75,73797
9/10/2021,PYPL,Sell,195,139.59,27220.05
9/10/2021,AMZN,Cash Out,157,376.19,53652.96568
9/13/2021,CRM,Buy,385,201.5,77577.5
9/14/2021,AAPL,Buy,244,313.27,76437.88
9/15/2021,ADBE,Buy,308,514.45,158450.6
9/17/2021,DIS,Buy,264,391.2,103276.8
9/20/2021,TSLA,Buy,489,86.07,42088.23
9/21/2021,NFLX,Sell,333,446.58,148711.14
9/28/2021,PYPL,Buy,227,402.19,91297.13
9/29/2021,PYPL,Sell,457,725.09,331366.13
9/30/2021,NFLX,Buy,367,206.86,75917.62
9/30/2021,NFLX,Buy,77,581.54,44778.58
9/30/2021,CRM,Sell,104,192.3,19999.2
10/1/2021,CRM,Buy,489,64.97,31770.33
10/5/2021,CRM,Buy,371,293.62,108933.02
10/5/2021,TSLA,Buy,388,222.13,86186.44
10/5/2021,ADBE,Cash Out,364,348.6,115269.816
10/6/2021,NVDA,Sell,440,362.73,159601.2
10/7/2021,V,Sell,399,226.97,90561.03
10/7/2021,NKE,Buy,50,394.66,19733
10/7/2021,MSFT,Sell,71,825.11,58582.81
10/7/2021,GOOGL,Cash Out,206,308.68,57764.70309
10/8/2021,NKE,Cash Out,178,790.04,127748.5314
10/8/2021,V,Cash Out,302,173.53,47606.72906
10/11/2021,PEP,Buy,227,758.98,172288.46
10/11/2021,NFLX,Buy,239,253.71,60636.69
10/12/2021,JPM,Buy,312,239.08,74592.96
10/12/2021,ADBE,Buy,213,517.21,110165.73
10/12/2021,CRM,Buy,38,777.12,29530.56
10/13/2021,BA,Sell,235,492.57,115753.95
10/13/2021,JPM,Sell,458,897.12,410880.96
10/15/2021,AAPL,Cash Out,156,409.57,58041.62594
10/15/2021,TSLA,Sell,33,911.12,30066.96
10/18/2021,PG,Buy,374,933.54,349143.96
10/18/2021,AMZN,Buy,142,373.06,52974.52
10/18/2021,PG,Buy,270,95.47,25776.9
10/18/2021,NFLX,Buy,88,997.34,87765.92
10/20/2021,V,Sell,422,171.08,72195.76
10/28/2021,ADBE,Buy,202,263.05,53136.1
10/29/2021,BA,Cash Out,452,394.42,161951.21
10/29/2021,KO,Sell,77,296.03,22794.31
10/29/2021,PYPL,Sell,22,956.16,21035.52
10/29/2021,TSLA,Sell,248,169.56,42050.88
11/2/2021,BA,Buy,66,258.43,17056.38
11/2/2021,PG,Buy,466,664.04,309442.64
11/3/2021,KO,Sell,216,96.22,20783.52
11/8/2021,NKE,Buy,166,655.26,108773.16
11/10/2021,NVDA,Sell,404,553.77,223723.08
11/12/2021,GOOGL,Buy,220,280.19,61641.8
11/17/2021,ADBE,Buy,319,150.5,48009.5
11/17/2021,AAPL,Buy,3,86.37,259.11
11/18/2021,DIS,Buy,405,178.03,72102.15
11/18/2021,FB,Buy,416,833.06,346552.96
11/19/2021,KO,Sell,291,295.55,86005.05
11/19/2021,FB,Sell,339,412.91,139976.49
11/19/2021,NVDA,Buy,256,138.19,35376.64
11/22/2021,NVDA,Sell,163,622.84,101522.92
11/23/2021,GOOGL,Buy,185,306.88,56772.8
11/23/2021,JPM,Buy,128,891.61,114126.08
11/24/2021,CRM,Buy,448,180.52,80872.96
11/24/2021,ADBE,Sell,431,61.08,26325.48
11/25/2021,PG,Sell,435,91.3,39715.5
11/25/2021,V,Buy,94,953.51,89629.94
11/25/2021,AAPL,Buy,457,166.53,76104.21
11/26/2021,DIS,Buy,444,467.18,207427.92
11/29/2021,CRM,Buy,267,75.19,20075.73
11/30/2021,WMT,Sell,88,953.57,83914.16
11/30/2021,TSLA,Buy,478,588.39,281250.42
12/1/2021,TSLA,Sell,485,865.01,419529.85
12/1/2021,NKE,Sell,416,51.48,21415.68
12/6/2021,DIS,Buy,190,720.37,136870.3
12/6/2021,KO,Sell,314,652.88,205004.32
12/8/2021,NFLX,Buy,77,559.55,43085.35
12/9/2021,V,Sell,235,958.84,225327.4
12/13/2021,KO,Buy,254,73.87,18762.98
12/14/2021,TSLA,Sell,113,368,41584
12/14/2021,AMZN,Buy,54,143.25,7735.5
12/15/2021,AMZN,Sell,129,820.63,105861.27
12/15/2021,NKE,Cash Out,413,986.44,370090.1783
12/17/2021,GOOGL,Cash Out,230,599.77,125313.9468
12/20/2021,BA,Cash Out,57,496.1,25688.03689
12/21/2021,NVDA,Buy,39,560.59,21863.01
12/23/2021,WMT,Sell,370,317.54,117489.8
12/23/2021,NFLX,Sell,48,81.94,3933.12
12/24/2021,DIS,Buy,100,450.26,45026
12/24/2021,BA,Sell,7,529.83,3708.81
12/27/2021,ADBE,Buy,187,453.61,84825.07
12/27/2021,DIS,Buy,450,193.32,86994
12/28/2021,KO,Buy,431,109.24,47082.44
12/28/2021,KO,Buy,297,941.15,279521.55
12/28/2021,AMZN,Sell,227,566.72,128645.44
12/29/2021,BA,Sell,118,239.75,28290.5
12/29/2021,PG,Sell,432,651.21,281322.72
12/30/2021,NFLX,Sell,485,961.44,466298.4
12/30/2021,PYPL,Buy,139,232,32248
12/30/2021,PEP,Sell,148,187.33,27724.84
12/30/2021,ADBE,Cash Out,474,508.09,218779.0955
12/31/2021,AMZN,Buy,34,944.79,32122.86
12/31/2021,PYPL,Buy,402,537.85,216215.7
1/3/2022,JPM,Sell,316,608.25,192207
1/4/2022,PEP,Sell,221,772.34,170687.14
1/4/2022,NVDA,Buy,128,779.07,99720.96
1/4/2022,AAPL,Buy,340,209.24,71141.6
1/6/2022,KO,Sell,17,107.82,1832.94
1/6/2022,KO,Sell,135,290.26,39185.1
1/10/2022,BA,Buy,489,427.45,209023.05
1/10/2022,AMZN,Buy,421,333.78,140521.38
1/11/2022,GOOGL,Buy,46,188.16,8655.36
1/12/2022,MSFT,Cash Out,304,388.02,107155.5151
1/12/2022,ADBE,Buy,166,676.92,112368.72
1/12/2022,PG,Sell,327,776.77,254003.79
1/14/2022,NVDA,Buy,483,198.88,96059.04
1/17/2022,WMT,Buy,490,942.59,461869.1
1/18/2022,TSLA,Sell,89,166.64,14830.96
1/19/2022,WMT,Buy,254,70.55,17919.7
1/19/2022,TSLA,Cash Out,193,311.61,54633.06035
1/20/2022,BA,Buy,488,222.33,108497.04
1/20/2022,ADBE,Sell,478,883.01,422078.78
1/20/2022,BA,Buy,76,420.12,31929.12
1/20/2022,NFLX,Buy,278,373.18,103744.04
1/20/2022,BA,Cash Out,371,390.42,131580.8841
1/24/2022,NFLX,Sell,286,885.47,253244.42
1/24/2022,BA,Sell,448,710.04,318097.92
1/24/2022,BA,Buy,371,157.84,58558.64
1/25/2022,JPM,Buy,149,887.05,132170.45
1/25/2022,ADBE,Buy,251,104.45,26216.95
1/25/2022,NFLX,Sell,30,873.57,26207.1
1/26/2022,WMT,Buy,236,817.4,192906.4
1/26/2022,NFLX,Sell,383,643.49,246456.67
1/27/2022,MSFT,Cash Out,364,322.83,106748.5792
1/27/2022,NKE,Sell,166,292.54,48561.64
2/1/2022,DIS,Buy,366,221.36,81017.76
2/1/2022,AMZN,Buy,274,65.72,18007.28
2/1/2022,CRM,Sell,111,89.46,9930.06
2/3/2022,DIS,Sell,389,770.85,299860.65
2/3/2022,WMT,Sell,267,567.84,151613.28
2/4/2022,AMZN,Sell,344,578.3,198935.2
2/4/2022,WMT,Sell,145,720.56,104481.2
2/4/2022,NVDA,Sell,364,920.81,335174.84
2/4/2022,PEP,Buy,187,630.89,117976.43
2/9/2022,NVDA,Sell,166,542.99,90136.34
2/10/2022,GOOGL,Buy,79,665.97,52611.63
2/11/2022,AMZN,Cash Out,294,80.23,21427.47298
2/14/2022,PYPL,Buy,132,331.57,43767.24
2/14/2022,AAPL,Sell,212,124.44,26381.28
2/15/2022,GOOGL,Sell,98,420.38,41197.24
2/16/2022,PYPL,Sell,442,204.14,90229.88
2/16/2022,NKE,Buy,431,637.49,274758.19
2/16/2022,TSLA,Cash Out,98,456.21,40614.18192
2/16/2022,V,Buy,71,296.75,21069.25
2/17/2022,DIS,Sell,294,392.19,115303.86
2/18/2022,JPM,Sell,60,106.85,6411
2/21/2022,DIS,Buy,247,912.38,225357.86
2/22/2022,TSLA,Buy,383,239.9,91881.7
2/23/2022,NFLX,Sell,111,653.85,72577.35
2/24/2022,AMZN,Buy,308,369.32,113750.56
2/24/2022,GOOGL,Buy,427,233.7,99789.9
2/25/2022,CRM,Sell,133,322.6,42905.8
2/25/2022,PYPL,Buy,92,414.25,38111
2/28/2022,NVDA,Sell,460,190.6,87676
2/28/2022,AAPL,Cash Out,142,959,123706.8604
2/28/2022,CRM,Buy,119,608.16,72371.04
3/1/2022,TSLA,Sell,258,75.39,19450.62
3/4/2022,NFLX,Buy,312,473.93,147866.16
3/7/2022,BA,Buy,30,418.74,12562.2
3/8/2022,TSLA,Sell,489,703.2,343864.8
3/8/2022,PYPL,Buy,284,727.2,206524.8
3/8/2022,NFLX,Sell,6,358.01,2148.06
3/9/2022,PEP,Buy,498,617.91,307719.18
3/9/2022,CRM,Buy,482,829.84,399982.88
3/14/2022,TSLA,Buy,433,954.9,413471.7
3/14/2022,GOOGL,Sell,272,337.64,91838.08
3/15/2022,PEP,Sell,361,661.39,238761.79
3/15/2022,NFLX,Buy,427,915.8,391046.6
3/16/2022,KO,Buy,13,769.74,10006.62
3/18/2022,V,Sell,293,839.37,245935.41
3/18/2022,PEP,Buy,236,413.11,97493.96
3/18/2022,JPM,Sell,491,126.14,61934.74
3/18/2022,WMT,Buy,125,393.02,49127.5
3/18/2022,NKE,Buy,31,317.81,9852.11
3/21/2022,PYPL,Sell,414,676.83,280207.62
3/21/2022,NKE,Buy,228,644.33,146907.24
3/22/2022,GOOGL,Sell,237,917.2,217376.4
3/23/2022,JPM,Sell,358,361.03,129248.74
3/23/2022,CRM,Buy,157,813.85,127774.45
3/24/2022,GOOGL,Sell,122,315.16,38449.52
3/24/2022,NFLX,Buy,427,718.22,306679.94
3/24/2022,KO,Buy,234,253.01,59204.34
3/25/2022,MSFT,Sell,7,337.33,2361.31
3/28/2022,TSLA,Buy,276,656.76,181265.76
3/28/2022,PEP,Sell,100,692.86,69286
3/28/2022,MSFT,Buy,8,601.78,4814.24
3/30/2022,MSFT,Sell,183,444,81252
3/31/2022,ADBE,Buy,375,154.98,58117.5
4/1/2022,V,Sell,196,157.98,30964.08
4/1/2022,WMT,Buy,427,828.37,353713.99
4/5/2022,PG,Cash Out,141,495.73,63496.69896
4/6/2022,NFLX,Buy,224,410.58,91969.92
4/8/2022,WMT,Buy,419,250.43,104930.17
4/11/2022,KO,Sell,386,334.77,129221.22
4/12/2022,JPM,Buy,368,365.16,134378.88
4/13/2022,PYPL,Buy,16,297.94,4767.04
4/14/2022,V,Buy,304,286.78,87181.12
4/14/2022,MSFT,Buy,176,333.48,58692.48
4/20/2022,FB,Buy,193,186.68,36029.24
4/21/2022,PEP,Sell,263,598.26,157342.38
4/21/2022,ADBE,Cash Out,267,383.46,93007.54109
4/22/2022,PYPL,Sell,226,875.54,197872.04
4/25/2022,WMT,Cash Out,481,716.92,313258.3138
4/25/2022,TSLA,Sell,386,442.05,170631.3
4/26/2022,PEP,Buy,280,252.11,70590.8
4/28/2022,BA,Buy,441,979.84,432109.44
4/28/2022,AMZN,Sell,378,98.89,37380.42
4/28/2022,PEP,Buy,201,496.89,99874.89
4/29/2022,GOOGL,Buy,91,960.04,87363.64
4/29/2022,BA,Sell,456,802.17,365789.52
5/2/2022,FB,Cash Out,404,902.12,331079.6671
5/3/2022,NFLX,Buy,80,495.64,39651.2
5/3/2022,AAPL,Buy,70,757.14,52999.8
5/5/2022,NKE,Cash Out,77,708.12,49531.8352
5/5/2022,PEP,Sell,254,730.37,185513.98
5/6/2022,ADBE,Buy,154,569.72,87736.88
5/9/2022,PEP,Buy,292,200.26,58475.92
5/10/2022,TSLA,Buy,37,408.18,15102.66
5/11/2022,NVDA,Buy,482,476.86,229846.52
5/12/2022,AMZN,Sell,65,369.91,24044.15
5/12/2022,PG,Buy,360,380.6,137016
5/12/2022,NKE,Buy,199,731.87,145642.13
5/12/2022,WMT,Sell,8,820.75,6566
5/12/2022,BA,Buy,126,963.52,121403.52
5/13/2022,V,Buy,440,700.63,308277.2
5/13/2022,PEP,Sell,227,312.12,70851.24
5/13/2022,BA,Sell,46,389.99,17939.54
5/16/2022,PG,Cash Out,175,248.26,39466.7744
5/16/2022,ADBE,Cash Out,309,373.35,104800.0449
5/18/2022,AMZN,Buy,180,186.41,33553.8
5/18/2022,JPM,Buy,6,544.73,3268.38
5/18/2022,AAPL,Cash Out,399,240.64,87222.30271
5/19/2022,GOOGL,Sell,465,276.56,128600.4
5/20/2022,ADBE,Buy,16,791.64,12666.24
5/20/2022,PYPL,Sell,221,683.43,151038.03
5/23/2022,PYPL,Sell,286,535.63,153190.18
5/23/2022,NKE,Buy,279,435.48,121498.92
5/24/2022,JPM,Buy,488,959.74,468353.12
5/24/2022,GOOGL,Cash Out,337,619.86,189762.4795
5/25/2022,CRM,Buy,91,383.54,34902.14
5/25/2022,ADBE,Buy,358,280.94,100576.52
5/25/2022,GOOGL,Sell,396,702.47,278178.12
5/25/2022,AMZN,Sell,61,59.96,3657.56
5/26/2022,ADBE,Sell,198,362.07,71689.86
5/27/2022,V,Buy,335,360,120600
5/27/2022,NFLX,Sell,37,459.97,17018.89
5/30/2022,FB,Buy,45,736.84,33157.8
5/31/2022,KO,Buy,489,703.12,343825.68
5/31/2022,KO,Buy,17,511.93,8702.81
5/31/2022,WMT,Sell,90,902.31,81207.9
6/1/2022,TSLA,Cash Out,373,696.43,235978.8803
6/2/2022,KO,Buy,179,723.59,129522.61
6/15/2022,PYPL,Buy,138,827.19,114152.22
6/16/2022,GOOGL,Buy,59,81.49,4807.91
6/16/2022,NVDA,Buy,359,566.76,203466.84
6/16/2022,NFLX,Sell,52,54.05,2810.6
6/17/2022,AAPL,Cash Out,269,331.57,81024.12371
6/17/2022,PEP,Sell,51,954.07,48657.57
6/17/2022,BA,Sell,344,508.57,174948.08
6/20/2022,NKE,Cash Out,225,674.56,137876.4004
6/21/2022,KO,Cash Out,401,758.58,276332.8998
6/22/2022,PYPL,Sell,392,860.51,337319.92
6/23/2022,PG,Buy,257,776.65,199599.05
6/24/2022,NVDA,Buy,451,878.78,396329.78
6/24/2022,CRM,Sell,246,587.37,144493.02
6/24/2022,GOOGL,Sell,286,779.15,222836.9
6/29/2022,NVDA,Buy,295,994.38,293342.1
6/30/2022,WMT,Sell,496,155.33,77043.68
6/30/2022,KO,Buy,418,903.79,377784.22
6/30/2022,DIS,Cash Out,304,865.57,239035.6147
7/1/2022,ADBE,Buy,44,171.74,7556.56
7/4/2022,V,Buy,388,115.45,44794.6
7/6/2022,NKE,Sell,450,64.51,29029.5
7/6/2022,TSLA,Buy,4,831.08,3324.32
7/7/2022,GOOGL,Buy,154,529.73,81578.42
7/8/2022,NVDA,Buy,113,387.24,43758.12
7/12/2022,PG,Sell,216,99.29,21446.64
7/14/2022,ADBE,Buy,199,559.28,111296.72
7/14/2022,AAPL,Buy,31,336.55,10433.05
7/14/2022,TSLA,Buy,302,801.86,242161.72
7/15/2022,FB,Sell,45,779.04,35056.8
7/15/2022,CRM,Sell,216,209.67,45288.72
7/15/2022,NVDA,Sell,441,604.92,266769.72
7/15/2022,NFLX,Sell,475,281.16,133551
7/15/2022,NKE,Buy,432,713.11,308063.52
7/18/2022,AAPL,Cash Out,335,251.77,76618.84844
7/18/2022,GOOGL,Buy,29,977.81,28356.49
7/19/2022,PG,Cash Out,244,360.96,80008.42805
7/20/2022,AMZN,Cash Out,142,322.63,41617.87735
7/21/2022,PEP,Cash Out,257,958.59,223796.2736
7/25/2022,NFLX,Buy,121,384.45,46518.45
7/25/2022,GOOGL,Buy,83,908.11,75373.13
7/27/2022,WMT,Sell,430,659.43,283554.9
7/27/2022,WMT,Buy,76,85.04,6463.04
7/27/2022,BA,Buy,404,68.1,27512.4
7/29/2022,GOOGL,Sell,470,896.54,421373.8
8/1/2022,ADBE,Buy,459,211.01,96853.59
8/1/2022,AAPL,Sell,379,401.57,152195.03
8/1/2022,NKE,Sell,281,760.72,213762.32
8/2/2022,PEP,Buy,39,727.17,28359.63
8/2/2022,BA,Buy,300,969.56,290868
8/2/2022,WMT,Buy,53,269.81,14299.93
8/2/2022,GOOGL,Sell,359,563.33,202235.47
8/3/2022,V,Buy,229,493.31,112967.99
8/4/2022,DIS,Buy,64,692.12,44295.68
8/5/2022,PG,Cash Out,127,58.8,6783.719477
8/5/2022,CRM,Buy,231,127.33,29413.23
8/5/2022,KO,Sell,394,683.02,269109.88
8/9/2022,AMZN,Cash Out,329,146.64,43826.33796
8/9/2022,PEP,Buy,39,578.45,22559.55
8/9/2022,PEP,Sell,481,244.51,117609.31
8/10/2022,AMZN,Buy,343,993.69,340835.67
8/11/2022,V,Cash Out,276,677.4,169840.4406
8/12/2022,DIS,Buy,103,463.91,47782.73
8/15/2022,PYPL,Buy,436,935.91,408056.76
8/16/2022,BA,Sell,212,811.22,171978.64
8/18/2022,V,Sell,393,713.23,280299.39
8/18/2022,MSFT,Sell,182,168.76,30714.32
8/19/2022,ADBE,Sell,324,67.41,21840.84
8/19/2022,DIS,Buy,289,184.4,53291.6
8/22/2022,PG,Buy,438,112.4,49231.2
8/23/2022,PG,Sell,320,199.19,63740.8
8/23/2022,GOOGL,Sell,195,338.5,66007.5
8/24/2022,WMT,Sell,387,132.47,51265.89
8/24/2022,ADBE,Sell,473,823.21,389378.33
8/24/2022,PYPL,Sell,186,898.62,167143.32
8/24/2022,AAPL,Buy,429,575.39,246842.31
8/25/2022,GOOGL,Buy,483,428.1,206772.3
8/25/2022,AMZN,Buy,403,588.49,237161.47
8/26/2022,KO,Buy,460,266.3,122498
8/30/2022,AMZN,Buy,259,581.87,150704.33
9/2/2022,BA,Buy,172,919.69,158186.68
9/2/2022,KO,Cash Out,279,241.4,61182.65266
9/2/2022,DIS,Cash Out,393,874.4,312168.8272
9/2/2022,AAPL,Buy,264,53.19,14042.16
9/5/2022,MSFT,Sell,54,928.62,50145.48
9/7/2022,AMZN,Sell,26,508.82,13229.32
9/8/2022,JPM,Buy,299,511.48,152932.52
9/8/2022,FB,Buy,225,354.13,79679.25
9/12/2022,TSLA,Buy,138,964.93,133160.34
9/13/2022,PEP,Buy,25,347.51,8687.75
9/13/2022,NVDA,Buy,64,565.42,36186.88
9/15/2022,ADBE,Sell,272,129.05,35101.6
9/15/2022,WMT,Buy,286,582.29,166534.94
9/15/2022,DIS,Sell,216,79.77,17230.32
9/16/2022,GOOGL,Buy,16,68.49,1095.84
9/19/2022,PG,Buy,57,493.35,28120.95
9/19/2022,GOOGL,Sell,255,660.38,168396.9
9/20/2022,ADBE,Sell,426,732.06,311857.56
9/21/2022,NKE,Cash Out,216,86.99,17069.0722
9/21/2022,ADBE,Buy,54,936.85,50589.9
9/22/2022,NKE,Buy,134,408.16,54693.44
9/23/2022,NVDA,Buy,498,73.67,36687.66
9/23/2022,CRM,Sell,218,809.36,176440.48
9/26/2022,NKE,Buy,348,718.3,249968.4
9/26/2022,KO,Buy,170,85.72,14572.4
9/26/2022,AAPL,Sell,357,888.08,317044.56
9/26/2022,NFLX,Buy,197,114.43,22542.71
9/26/2022,WMT,Buy,406,765.33,310723.98
9/27/2022,V,Sell,267,176.01,46994.67
9/27/2022,DIS,Buy,20,705.75,14115
9/29/2022,PEP,Buy,351,653.25,229290.75
9/29/2022,CRM,Buy,270,981.5,265005
9/29/2022,CRM,Sell,458,363.71,166579.18
9/30/2022,DIS,Buy,119,381.36,45381.84
10/3/2022,TSLA,Sell,45,908.26,40871.7
10/3/2022,V,Buy,363,668.01,242487.63
10/5/2022,MSFT,Buy,103,406.51,41870.53
10/6/2022,MSFT,Cash Out,302,243.85,66898.52407
10/6/2022,TSLA,Sell,136,119.55,16258.8
10/10/2022,AMZN,Sell,470,447.64,210390.8
10/11/2022,BA,Buy,92,524.88,48288.96
10/11/2022,JPM,Sell,101,448.72,45320.72
10/12/2022,GOOGL,Buy,61,226.71,13829.31
10/13/2022,NVDA,Sell,137,564.34,77314.58
10/14/2022,PEP,Buy,480,826.41,396676.8
10/14/2022,ADBE,Buy,193,279.61,53964.73
10/17/2022,NVDA,Buy,267,684.04,182638.68
10/18/2022,V,Sell,414,995.11,411975.54
10/18/2022,JPM,Sell,384,536.87,206158.08
10/18/2022,CRM,Sell,166,577.29,95830.14
10/18/2022,ADBE,Buy,490,203.01,99474.9
10/19/2022,V,Buy,98,642.53,62967.94
10/19/2022,BA,Buy,395,174.64,68982.8
10/21/2022,NVDA,Buy,272,551.11,149901.92
10/25/2022,JPM,Buy,16,937.88,15006.08
10/25/2022,PYPL,Buy,78,450.2,35115.6
10/26/2022,PG,Cash Out,316,549.98,157877.708
10/26/2022,TSLA,Buy,210,193.9,40719
10/27/2022,JPM,Buy,126,66.88,8426.88
10/28/2022,DIS,Buy,98,791.37,77554.26
10/28/2022,NVDA,Sell,7,899.44,6296.08
10/28/2022,BA,Sell,463,786.79,364283.77
10/31/2022,DIS,Sell,195,60.41,11779.95
11/1/2022,PYPL,Buy,81,156.76,12697.56
11/1/2022,NFLX,Sell,495,545.88,270210.6
11/1/2022,NKE,Cash Out,72,601.58,39347.09911
11/4/2022,GOOGL,Sell,470,97.79,45961.3
11/4/2022,AAPL,Buy,250,60.91,15227.5
11/7/2022,NFLX,Sell,240,527.39,126573.6
11/7/2022,AAPL,Buy,329,451.86,148661.94
11/8/2022,BA,Buy,4,576.31,2305.24
11/9/2022,FB,Buy,101,816.93,82509.93
11/9/2022,PYPL,Sell,127,213.92,27167.84
11/10/2022,JPM,Sell,419,453.34,189949.46
11/10/2022,AAPL,Buy,201,114.69,23052.69
11/11/2022,AMZN,Sell,167,629.47,105121.49
11/11/2022,ADBE,Sell,76,317.77,24150.52
11/16/2022,BA,Buy,10,391.18,3911.8
11/16/2022,CRM,Buy,231,612.54,141496.74
11/17/2022,JPM,Sell,60,911.13,54667.8
11/17/2022,AAPL,Sell,46,695.02,31970.92
11/18/2022,AMZN,Sell,137,541.13,74134.81
11/18/2022,JPM,Buy,447,416.31,186090.57
11/23/2022,NFLX,Cash Out,445,81.79,33063.36509
11/24/2022,PYPL,Sell,415,223.33,92681.95
11/24/2022,AMZN,Buy,75,996.24,74718
11/25/2022,PEP,Buy,437,279.06,121949.22
11/29/2022,KO,Buy,3,714.03,2142.09
12/1/2022,BA,Sell,332,493.41,163812.12
12/1/2022,ADBE,Buy,189,473.31,89455.59
12/2/2022,FB,Buy,140,753.03,105424.2
12/5/2022,NVDA,Cash Out,479,939.07,408620.653
12/5/2022,GOOGL,Sell,118,486.28,57381.04
12/5/2022,NVDA,Sell,476,672.31,320019.56
12/7/2022,CRM,Buy,315,692.59,218165.85
12/7/2022,BA,Buy,364,361.32,131520.48
12/9/2022,AMZN,Buy,393,675.37,265420.41
12/14/2022,GOOGL,Sell,363,166.29,60363.27
12/14/2022,KO,Buy,351,124.88,43832.88
12/15/2022,BA,Buy,11,608.88,6697.68
12/15/2022,NKE,Cash Out,176,591.31,94539.80996
12/15/2022,AAPL,Cash Out,262,854.87,203464.2919
12/19/2022,AAPL,Buy,134,597.72,80094.48
12/22/2022,NKE,Buy,393,992.79,390166.47
12/26/2022,BA,Buy,374,371.6,138978.4
12/27/2022,V,Cash Out,311,149.09,42120.71524
12/28/2022,BA,Sell,139,890.24,123743.36
12/28/2022,PEP,Buy,218,902.38,196718.84
12/29/2022,NVDA,Sell,253,798.88,202116.64
12/29/2022,JPM,Buy,202,904.94,182797.88
12/30/2022,AAPL,Buy,215,99.98,21495.7
12/30/2022,V,Sell,50,600.64,30032
1/2/2023,AMZN,Buy,284,899.7,255514.8
1/3/2023,TSLA,Buy,147,858.51,126200.97
1/4/2023,FB,Buy,47,747.38,35126.86
1/6/2023,NKE,Buy,102,814.19,83047.38
1/6/2023,AMZN,Sell,422,552.64,233214.08
1/11/2023,DIS,Sell,481,237.53,114251.93
1/11/2023,JPM,Buy,73,463.52,33836.96
1/13/2023,WMT,Buy,404,945.26,381885.04
1/13/2023,TSLA,Buy,285,625.03,178133.55
1/13/2023,AMZN,Sell,300,374.02,112206
1/13/2023,CRM,Buy,408,538.81,219834.48
1/16/2023,PG,Sell,424,582.89,247145.36
1/18/2023,KO,Sell,102,567.93,57928.86
1/18/2023,DIS,Buy,113,922.38,104228.94
1/18/2023,NFLX,Sell,436,188.56,82212.16
1/19/2023,PEP,Buy,442,103.47,45733.74
1/19/2023,NKE,Cash Out,391,276.03,98043.74151
1/20/2023,PG,Buy,218,651.86,142105.48
1/20/2023,KO,Buy,346,842.96,291664.16
1/20/2023,PG,Sell,191,584.17,111576.47
1/20/2023,PEP,Sell,3,486.15,1458.45
1/20/2023,ADBE,Sell,455,728.62,331522.1
1/20/2023,NFLX,Sell,299,289.16,86458.84
1/26/2023,JPM,Buy,99,354.29,35074.71
1/27/2023,DIS,Sell,479,234.05,112109.95
1/27/2023,AAPL,Buy,86,124.95,10745.7
1/31/2023,PEP,Buy,143,935.81,133820.83
1/31/2023,CRM,Sell,35,396.54,13878.9
2/3/2023,ADBE,Sell,173,211.45,36580.85
2/6/2023,PYPL,Buy,11,330.93,3640.23
2/6/2023,WMT,Buy,174,241.94,42097.56
2/6/2023,PG,Sell,363,671.76,243848.88
2/7/2023,WMT,Cash Out,403,147.8,54108.60205
2/8/2023,NFLX,Buy,51,730.71,37266.21
2/9/2023,NKE,Sell,172,203.81,35055.32
2/10/2023,BA,Buy,43,728.76,31336.68
2/13/2023,NVDA,Sell,159,704.3,111983.7
2/13/2023,NFLX,Buy,94,266.98,25096.12
2/14/2023,MSFT,Sell,117,989.87,115814.79
2/14/2023,BA,Cash Out,253,280.24,64407.65376
2/15/2023,NVDA,Buy,402,243.83,98019.66
2/16/2023,PG,Sell,204,407.25,83079
2/16/2023,TSLA,Sell,262,851.35,223053.7
2/20/2023,JPM,Buy,393,106.81,41976.33
2/21/2023,JPM,Buy,172,610.94,105081.68
2/22/2023,PYPL,Buy,299,507.18,151646.82
2/23/2023,BA,Buy,449,810.27,363811.23
2/27/2023,KO,Cash Out,213,115.96,22437.50918
3/1/2023,CRM,Sell,392,82.62,32387.04
3/1/2023,KO,Buy,267,316.59,84529.53
3/3/2023,AMZN,Buy,11,345.31,3798.41
3/3/2023,PG,Buy,280,544.8,152544
3/3/2023,PYPL,Cash Out,382,195.92,67987.48382
3/6/2023,MSFT,Buy,52,926.91,48199.32
3/6/2023,ADBE,Buy,189,751.99,142126.11
3/6/2023,NVDA,Sell,94,653.97,61473.18
3/7/2023,MSFT,Sell,90,833.08,74977.2
3/7/2023,NFLX,Buy,319,337.45,107646.55
3/7/2023,MSFT,Sell,238,542.33,129074.54
3/7/2023,DIS,Buy,32,660.22,21127.04
3/8/2023,NVDA,Sell,68,691.29,47007.72
3/8/2023,KO,Buy,98,373.48,36601.04
3/8/2023,NFLX,Buy,191,903.36,172541.76
3/10/2023,AMZN,Buy,381,626.71,238776.51
3/10/2023,AMZN,Buy,180,870.58,156704.4
3/10/2023,CRM,Buy,431,189.1,81502.1
3/13/2023,TSLA,Buy,259,984.05,254868.95
3/14/2023,NKE,Sell,393,450.11,176893.23
3/15/2023,PG,Sell,268,725.99,194565.32
3/16/2023,NFLX,Sell,204,778.91,158897.64
3/17/2023,GOOGL,Buy,395,153.05,60454.75
3/20/2023,FB,Cash Out,130,315.96,37313.18238
3/21/2023,NFLX,Buy,32,258.46,8270.72
3/22/2023,NKE,Buy,41,767.95,31485.95
3/22/2023,FB,Sell,334,582.91,194691.94
3/23/2023,PG,Buy,259,196.69,50942.71
3/23/2023,DIS,Sell,94,167.25,15721.5
3/24/2023,MSFT,Buy,23,366.14,8421.22
3/24/2023,JPM,Sell,364,342.5,124670
3/24/2023,NKE,Buy,81,301.66,24434.46
3/24/2023,FB,Buy,461,109.4,50433.4
3/27/2023,AAPL,Buy,396,332.17,131539.32
3/27/2023,MSFT,Sell,25,630.61,15765.25
3/27/2023,GOOGL,Sell,460,111.55,51313
3/28/2023,CRM,Buy,493,886.81,437197.33
3/28/2023,PYPL,Sell,262,382.33,100170.46
3/29/2023,WMT,Buy,83,310.97,25810.51
3/31/2023,CRM,Buy,75,960.95,72071.25
3/31/2023,AAPL,Buy,108,184.94,19973.52
4/4/2023,PG,Buy,142,975.68,138546.56
4/6/2023,NVDA,Sell,43,607.28,26113.04
4/7/2023,AAPL,Sell,469,802,376138
4/7/2023,V,Buy,245,845.25,207086.25
4/7/2023,PYPL,Sell,211,167.14,35266.54
4/10/2023,FB,Buy,487,882.51,429782.37
4/10/2023,DIS,Sell,351,925.42,324822.42
4/10/2023,DIS,Sell,472,719.3,339509.6
4/10/2023,NVDA,Cash Out,475,184.05,79417.50972
4/10/2023,GOOGL,Sell,41,98.87,4053.67
4/11/2023,CRM,Sell,482,880.6,424449.2
4/11/2023,GOOGL,Buy,248,567.21,140668.08
4/11/2023,PG,Buy,7,727.91,5095.37
4/12/2023,PYPL,Buy,414,144.13,59669.82
4/13/2023,PG,Buy,248,754.71,187168.08
4/14/2023,NFLX,Sell,101,144.43,14587.43
4/14/2023,MSFT,Sell,177,98.03,17351.31
4/14/2023,V,Sell,27,541.05,14608.35
4/17/2023,AAPL,Buy,317,130.93,41504.81
4/17/2023,NFLX,Cash Out,174,832.57,131600.288
4/17/2023,BA,Buy,29,325.19,9430.51
4/18/2023,NVDA,Sell,412,193.53,79734.36
4/18/2023,KO,Buy,148,625.43,92563.64
4/19/2023,V,Cash Out,153,222.45,30917.94885
4/19/2023,NFLX,Sell,167,466.95,77980.65
4/19/2023,PEP,Buy,22,447.85,9852.7
4/20/2023,PEP,Sell,379,488.2,185027.8
4/21/2023,TSLA,Buy,458,708.77,324616.66
4/24/2023,AMZN,Buy,475,743.76,353286
4/25/2023,PG,Sell,199,137.89,27440.11
4/25/2023,NVDA,Sell,226,858.87,194104.62
4/25/2023,GOOGL,Buy,167,280.19,46791.73
4/25/2023,JPM,Cash Out,281,787.05,200907.1887
4/26/2023,AMZN,Buy,301,205.09,61732.09
4/26/2023,AAPL,Buy,333,583.21,194208.93
4/27/2023,AMZN,Buy,377,882.82,332823.14
4/28/2023,V,Buy,300,64.51,19353
4/28/2023,AAPL,Sell,328,679.45,222859.6
5/3/2023,GOOGL,Buy,480,88.39,42427.2
5/9/2023,KO,Buy,384,667.32,256250.88
5/10/2023,MSFT,Buy,366,313.55,114759.3
5/11/2023,PEP,Buy,250,615.35,153837.5
5/11/2023,CRM,Sell,65,900.55,58535.75
5/15/2023,MSFT,Sell,330,616.1,203313
5/15/2023,PYPL,Buy,327,724.65,236960.55
5/15/2023,CRM,Sell,466,334.81,156021.46
5/17/2023,JPM,Sell,43,492.52,21178.36
5/17/2023,CRM,Buy,372,871.35,324142.2
5/17/2023,PEP,Sell,135,174.18,23514.3
5/18/2023,WMT,Buy,192,104.9,20140.8
5/22/2023,KO,Sell,450,731.01,328954.5
5/22/2023,AAPL,Sell,280,365.42,102317.6
5/23/2023,TSLA,Sell,7,441.07,3087.49
5/23/2023,ADBE,Buy,424,861.91,365449.84
5/23/2023,CRM,Buy,307,875.35,268732.45
5/24/2023,CRM,Buy,499,892.25,445232.75
5/26/2023,GOOGL,Buy,40,441.41,17656.4
5/29/2023,GOOGL,Cash Out,444,317.96,128245.5463
5/30/2023,CRM,Sell,327,951.56,311160.12
5/30/2023,NKE,Sell,123,420.23,51688.29
5/31/2023,CRM,Sell,379,714.56,270818.24
6/5/2023,BA,Buy,321,568.92,182623.32
6/6/2023,MSFT,Sell,466,660.67,307872.22
6/7/2023,NVDA,Buy,172,462.07,79476.04
6/7/2023,NKE,Sell,436,336.23,146596.28
6/9/2023,NFLX,Sell,201,86.34,17354.34
6/13/2023,FB,Buy,36,295.03,10621.08
6/14/2023,PYPL,Sell,492,541.25,266295
6/15/2023,AAPL,Sell,226,524.1,118446.6
6/15/2023,PG,Buy,196,295.29,57876.84
6/16/2023,NFLX,Sell,312,114.88,35842.56
6/19/2023,DIS,Buy,411,358.81,147470.91
6/19/2023,WMT,Buy,93,853.35,79361.55
6/19/2023,AMZN,Buy,252,517.25,130347
6/20/2023,KO,Sell,473,500.96,236954.08
6/20/2023,DIS,Buy,257,948.7,243815.9
6/22/2023,FB,Buy,390,584.75,228052.5
6/22/2023,GOOGL,Buy,464,747.66,346914.24
6/23/2023,JPM,Sell,255,285.67,72845.85
6/26/2023,AAPL,Sell,1,490.03,490.03
6/27/2023,MSFT,Buy,343,169.61,58176.23
6/28/2023,WMT,Cash Out,374,882.11,299696.1619
6/28/2023,JPM,Buy,490,234.71,115007.9
6/29/2023,V,Buy,12,889.46,10673.52
7/4/2023,PEP,Buy,76,110.62,8407.12
7/5/2023,BA,Sell,167,932.58,155740.86
7/6/2023,V,Buy,461,348.83,160810.63
7/6/2023,NKE,Sell,192,546.3,104889.6
7/10/2023,FB,Buy,106,173.17,18356.02
7/11/2023,WMT,Sell,74,813.25,60180.5
7/12/2023,AAPL,Sell,155,410.71,63660.05
7/12/2023,NKE,Buy,413,774.26,319769.38
7/13/2023,PYPL,Sell,228,758.39,172912.92
7/14/2023,PYPL,Buy,182,837.58,152439.56
7/14/2023,PYPL,Cash Out,479,492.85,214455.46
7/14/2023,FB,Buy,73,555.11,40523.03
7/18/2023,TSLA,Sell,381,758.51,288992.31
7/18/2023,CRM,Sell,374,108.15,40448.1
7/18/2023,TSLA,Sell,427,916.7,391430.9
7/19/2023,FB,Cash Out,289,332.26,87229.37022
7/19/2023,TSLA,Buy,424,264.01,111940.24
7/25/2023,ADBE,Buy,206,71.06,14638.36
7/25/2023,PG,Buy,219,610.51,133701.69
7/25/2023,NFLX,Sell,497,163.6,81309.2
8/1/2023,NFLX,Buy,33,455.16,15020.28
8/1/2023,ADBE,Sell,369,638.43,235580.67
8/2/2023,JPM,Cash Out,90,716.91,58613.00414
8/2/2023,PEP,Buy,328,731.04,239781.12
8/4/2023,GOOGL,Buy,118,83.08,9803.44
8/7/2023,JPM,Buy,208,383.18,79701.44
8/7/2023,PEP,Buy,46,172.47,7933.62
8/7/2023,AAPL,Cash Out,126,258.39,29575.56708
8/7/2023,PEP,Buy,366,453.92,166134.72
8/8/2023,NKE,Sell,145,535.83,77695.35
8/9/2023,JPM,Sell,466,450.53,209946.98
8/10/2023,KO,Buy,30,302.46,9073.8
8/11/2023,CRM,Sell,357,845.86,301972.02
8/14/2023,NFLX,Buy,68,228.89,15564.52
8/16/2023,DIS,Buy,229,935.13,214144.77
8/21/2023,NFLX,Cash Out,118,543.46,58255.43174
8/21/2023,FB,Sell,463,201.06,93090.78
8/22/2023,PEP,Cash Out,363,296.4,97739.84766
8/22/2023,JPM,Buy,76,796.63,60543.88
8/23/2023,PG,Sell,295,980.07,289120.65
8/24/2023,PYPL,Sell,241,280.33,67559.53
8/24/2023,DIS,Sell,334,726.2,242550.8
8/25/2023,DIS,Sell,420,509.25,213885
8/25/2023,NVDA,Buy,200,534.79,106958
8/29/2023,BA,Buy,158,316.03,49932.74
8/30/2023,PYPL,Sell,154,968.87,149205.98
9/1/2023,CRM,Sell,90,424.11,38169.9
9/1/2023,BA,Sell,325,124.14,40345.5
9/5/2023,PG,Buy,308,838.77,258341.16
9/5/2023,AMZN,Buy,230,932.18,214401.4
9/6/2023,NKE,Sell,425,801.06,340450.5
9/8/2023,JPM,Buy,259,633.68,164123.12
9/11/2023,CRM,Buy,456,674.26,307462.56
9/11/2023,DIS,Buy,255,670.12,170880.6
9/13/2023,NFLX,Buy,3,288,864
9/13/2023,KO,Buy,328,91.92,30149.76
9/15/2023,ADBE,Buy,485,266.95,129470.75
9/18/2023,DIS,Sell,329,437.11,143809.19
9/19/2023,TSLA,Sell,123,894.28,109996.44
9/20/2023,ADBE,Cash Out,450,723.37,295705.7985
9/20/2023,JPM,Buy,206,594.02,122368.12
9/21/2023,NFLX,Sell,408,708.63,289121.04
9/21/2023,AAPL,Sell,380,331.67,126034.6
9/22/2023,PYPL,Buy,491,673.09,330487.19
9/25/2023,NFLX,Buy,344,774.54,266441.76
9/25/2023,BA,Sell,6,913.7,5482.2
9/25/2023,JPM,Sell,409,175.27,71685.43
9/26/2023,ADBE,Buy,314,484.98,152283.72
9/27/2023,NKE,Sell,225,851.68,191628
10/2/2023,WMT,Buy,155,487.05,75492.75
10/2/2023,FB,Buy,35,58.31,2040.85
10/2/2023,PEP,Buy,496,183.22,90877.12
10/3/2023,TSLA,Buy,150,620.73,93109.5
10/4/2023,V,Sell,210,797.77,167531.7
10/5/2023,PG,Buy,151,536.72,81044.72
10/5/2023,NKE,Sell,141,424.79,59895.39
10/5/2023,PYPL,Buy,60,448.5,26910
10/10/2023,NVDA,Sell,241,668.41,161086.81
10/10/2023,GOOGL,Buy,434,961.45,417269.3
10/13/2023,PEP,Buy,287,338.34,97103.58
10/13/2023,NVDA,Sell,104,360.2,37460.8
10/16/2023,V,Sell,79,397.05,31366.95
10/16/2023,NVDA,Buy,423,768.07,324893.61
10/17/2023,CRM,Sell,275,86.73,23850.75
10/19/2023,AMZN,Sell,40,137.82,5512.8
10/19/2023,ADBE,Buy,59,749.93,44245.87
10/20/2023,PYPL,Sell,262,399.76,104737.12
10/20/2023,DIS,Sell,247,102.89,25413.83
10/20/2023,PG,Buy,432,736.1,317995.2
10/25/2023,PYPL,Sell,295,992.67,292837.65
10/30/2023,NKE,Buy,470,762.62,358431.4
10/30/2023,PG,Sell,96,140.54,13491.84
10/31/2023,GOOGL,Sell,76,232.85,17696.6
11/1/2023,GOOGL,Sell,63,750.12,47257.56
11/1/2023,NFLX,Sell,116,369.75,42891
11/2/2023,NVDA,Buy,32,887.19,28390.08
11/3/2023,PG,Sell,132,133.97,17684.04
11/3/2023,FB,Cash Out,4,482.29,1752.488117
11/3/2023,PYPL,Buy,191,526.04,100473.64
11/6/2023,MSFT,Sell,307,893.39,274270.73
11/7/2023,ADBE,Sell,240,202.16,48518.4
11/13/2023,TSLA,Sell,57,364.24,20761.68
11/13/2023,KO,Sell,223,165.57,36922.11
11/13/2023,CRM,Sell,179,85.82,15361.78
11/15/2023,PG,Buy,78,861.3,67181.4
11/15/2023,NFLX,Sell,374,772.77,289015.98
11/15/2023,NVDA,Buy,355,841.58,298760.9
11/15/2023,MSFT,Buy,202,831.11,167884.22
11/15/2023,NKE,Sell,295,236.4,69738
11/15/2023,KO,Sell,440,731.27,321758.8
11/16/2023,NFLX,Buy,486,64.9,31541.4
11/16/2023,FB,Sell,449,237.99,106857.51
11/17/2023,JPM,Cash Out,284,416.17,107368.2672
11/17/2023,ADBE,Buy,479,609.48,291940.92
11/20/2023,AMZN,Buy,296,741.7,219543.2
11/20/2023,AMZN,Sell,24,491.48,11795.52
11/20/2023,PYPL,Buy,393,119.27,46873.11
11/20/2023,DIS,Buy,80,118.41,9472.8
11/20/2023,AMZN,Buy,321,853.38,273934.98
11/21/2023,AAPL,Sell,480,936.63,449582.4
11/21/2023,WMT,Buy,208,420.63,87491.04
11/23/2023,DIS,Buy,403,401.32,161731.96
11/23/2023,ADBE,Sell,380,503.36,191276.8
11/24/2023,DIS,Sell,96,565.21,54260.16
11/27/2023,V,Buy,440,328,144320
11/28/2023,NFLX,Sell,273,457.77,124971.21
11/28/2023,JPM,Buy,49,229.63,11251.87
11/28/2023,NVDA,Buy,28,936.74,26228.72
11/29/2023,KO,Buy,408,188.22,76793.76
11/30/2023,MSFT,Buy,269,355.72,95688.68
12/11/2023,WMT,Sell,389,409.61,159338.29
12/12/2023,PYPL,Sell,139,870.61,121014.79
12/12/2023,TSLA,Buy,462,231.55,106976.1
12/14/2023,PEP,Buy,170,875.07,148761.9
12/15/2023,NKE,Buy,423,426.92,180587.16
12/18/2023,JPM,Sell,413,434.98,179646.74
12/19/2023,PEP,Cash Out,357,791.86,256804.9881
12/19/2023,KO,Sell,325,695.93,226177.25
12/20/2023,AMZN,Sell,461,188.44,86870.84
12/20/2023,AMZN,Buy,318,468.12,148862.16
12/21/2023,BA,Sell,476,211.49,100669.24
12/25/2023,NFLX,Buy,449,244.82,109924.18
12/25/2023,GOOGL,Sell,133,887.02,117973.66
12/26/2023,FB,Buy,67,787.23,52744.41
12/26/2023,AMZN,Cash Out,36,114.49,3744.18147
12/26/2023,CRM,Buy,182,251.23,45723.86
12/26/2023,TSLA,Buy,313,108.37,33919.81
12/26/2023,GOOGL,Cash Out,256,124.47,28946.19532
12/27/2023,MSFT,Sell,475,862.03,409464.25
12/28/2023,NKE,Buy,108,651.46,70357.68
12/29/2023,NKE,Buy,259,780.59,202172.81
12/29/2023,AMZN,Buy,418,754.59,315418.62
12/29/2023,PEP,Buy,46,188.11,8653.06
12/29/2023,GOOGL,Sell,108,684.92,73971.36
1/1/2024,AMZN,Cash Out,399,287.44,104185.4168
