{
  "IsEncrypted": false,
  "Values": {
    "FUNCTIONS_WORKER_RUNTIME": "powershell",
    "FUNCTIONS_WORKER_RUNTIME_VERSION": "7.2",
    "AzureWebJobsStorage": "UseDevelopmentStorage=true",
    "gitHub_PAT": "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",
    "gitHub_repoOwnerName": "Welasco",
    "gitHub_repoName": "test",
    "gitHub_workflowId": "74415295",
    "resource_group": "aml",
    "aml_workspace": "aibx",
    "aml_flow_deployment_name": "aibx-flow-deployment",
    "aml_endpoint_name": "aibx-endpoint",
    "aml_model_name": "diabetes-data-example"
  }
}